Month,Ave_Time
January,21.39684322
February,54.45815271
March,46.81852014
April,18.60736222
May,24.55905781
June,37.22445497
July,51.4117666
August,12.80242322
September,23.38593699
October,57.37575114
November,27.53269852
December,50.15887722
